category,amount
Other,95144.33999999998
Fuel,7830.360000000001
Shopping,5835.41
Food,1990.0
Travel,1671.0
Entertainment,972.16
