category,amount
Fuel,7830.360000000001
Shopping,2528.41
Food,1990.0
Entertainment,972.16
Other,-15818.76000000001
